seq,status,note
s001,ok,ok(attempt=1)
s002,ok,ok(attempt=1)
s003,ok,ok(attempt=1)
s004,ok,ok(attempt=1)
s005,ok,ok(attempt=1)
s006,ok,ok(attempt=1)
s007,ok,ok(attempt=1)
s008,ok,ok(attempt=1)
s009,ok,ok(attempt=1)
s010,ok,ok(attempt=1)
s011,ok,ok(attempt=1)
s012,ok,ok(attempt=1)
s013,ok,ok(attempt=1)
s014,ok,ok(attempt=1)
s015,ok,ok(attempt=1)
s016,ok,ok(attempt=1)
s017,ok,ok(attempt=1)
s018,ok,ok(attempt=1)
s019,ok,ok(attempt=1)
s020,ok,ok(attempt=1)
s021,ok,ok(attempt=1)
s022,ok,ok(attempt=1)
s023,ok,ok(attempt=1)
s024,ok,ok(attempt=1)
s025,ok,ok(attempt=1)
s026,ok,ok(attempt=1)
s027,ok,ok(attempt=1)
s028,ok,ok(attempt=1)
s029,ok,ok(attempt=1)
s030,ok,ok(attempt=1)
s031,ok,ok(attempt=1)
s032,ok,ok(attempt=1)
s033,ok,ok(attempt=1)
s034,ok,ok(attempt=1)
s035,ok,ok(attempt=1)
s036,ok,ok(attempt=1)
s037,ok,ok(attempt=1)
s038,ok,ok(attempt=1)
s039,ok,ok(attempt=1)
s040,ok,ok(attempt=1)
s041,ok,ok(attempt=1)
s042,ok,ok(attempt=1)
s043,ok,ok(attempt=1)
s044,ok,ok(attempt=1)
s045,ok,ok(attempt=1)
s046,ok,ok(attempt=1)
s047,ok,ok(attempt=1)
s048,ok,ok(attempt=1)
s049,ok,ok(attempt=1)
s050,ok,ok(attempt=1)
s051,ok,ok(attempt=1)
s052,ok,ok(attempt=1)
s053,ok,ok(attempt=1)
s054,ok,ok(attempt=1)
s055,ok,ok(attempt=1)
s056,ok,ok(attempt=1)
s057,ok,ok(attempt=1)
s058,ok,ok(attempt=1)
s059,ok,ok(attempt=1)
s060,ok,ok(attempt=1)
s061,ok,ok(attempt=1)
s062,ok,ok(attempt=1)
s063,ok,ok(attempt=1)
s064,ok,ok(attempt=1)
s065,ok,ok(attempt=1)
s066,ok,ok(attempt=1)
s067,ok,ok(attempt=1)
s068,ok,ok(attempt=1)
s069,ok,ok(attempt=1)
s070,ok,ok(attempt=1)
s071,ok,ok(attempt=1)
s072,ok,ok(attempt=1)
s073,ok,ok(attempt=1)
s074,ok,ok(attempt=1)
s075,ok,ok(attempt=1)
s076,ok,ok(attempt=1)
s077,ok,ok(attempt=1)
s078,ok,ok(attempt=1)
s079,ok,ok(attempt=1)
s080,ok,ok(attempt=1)
s081,ok,ok(attempt=1)
s082,ok,ok(attempt=1)
s083,ok,ok(attempt=1)
s084,ok,ok(attempt=1)
s085,ok,ok(attempt=1)
s086,ok,ok(attempt=1)
s087,ok,ok(attempt=1)
s088,ok,ok(attempt=1)
s089,ok,ok(attempt=1)
s090,ok,ok(attempt=1)
s091,ok,ok(attempt=1)
s092,ok,ok(attempt=1)
s093,ok,ok(attempt=1)
s094,ok,ok(attempt=1)
s095,ok,ok(attempt=1)
s096,ok,ok(attempt=1)
s097,ok,ok(attempt=1)
s098,ok,ok(attempt=1)
s099,ok,ok(attempt=1)
s100,ok,ok(attempt=1)
s101,ok,ok(attempt=1)
s102,ok,ok(attempt=1)
s103,ok,ok(attempt=1)
s104,ok,ok(attempt=1)
s105,ok,ok(attempt=1)
s106,ok,ok(attempt=1)
s107,ok,ok(attempt=1)
s108,ok,ok(attempt=1)
s109,ok,ok(attempt=1)
s110,ok,ok(attempt=1)
s111,ok,ok(attempt=1)
s112,ok,ok(attempt=1)
s113,ok,ok(attempt=1)
s114,ok,ok(attempt=1)
s115,ok,ok(attempt=1)
s116,ok,ok(attempt=1)
s117,ok,ok(attempt=1)
s118,ok,ok(attempt=1)
s119,ok,ok(attempt=1)
s120,ok,ok(attempt=1)
s121,ok,ok(attempt=1)
s122,ok,ok(attempt=1)
s123,ok,ok(attempt=1)
s124,ok,ok(attempt=1)
s125,ok,ok(attempt=1)
s126,ok,ok(attempt=1)
s127,ok,ok(attempt=1)
s128,ok,ok(attempt=1)
s129,ok,ok(attempt=1)
s130,ok,ok(attempt=1)
s131,ok,ok(attempt=1)
s132,ok,ok(attempt=1)
s288,ok,ok(attempt=1)
s290,ok,ok(attempt=1)
s291,ok,ok(attempt=1)
s293,ok,ok(attempt=1)
s295,ok,ok(attempt=1)
s296,ok,ok(attempt=1)
s297,ok,ok(attempt=1)
s298,ok,ok(attempt=1)
s300,ok,ok(attempt=1)
s302,ok,ok(attempt=1)
s304,ok,ok(attempt=1)
s305,ok,ok(attempt=1)
s306,ok,ok(attempt=1)
s307,ok,ok(attempt=1)
s309,ok,ok(attempt=1)
s311,ok,ok(attempt=1)
s312,ok,ok(attempt=1)
s313,ok,ok(attempt=1)
s314,ok,ok(attempt=1)
s317,ok,ok(attempt=1)
s319,ok,ok(attempt=1)
s321,ok,ok(attempt=1)
s323,ok,ok(attempt=1)
s324,ok,ok(attempt=1)
s327,ok,ok(attempt=1)
s328,ok,ok(attempt=1)
s330,ok,ok(attempt=1)
s332,ok,ok(attempt=1)
s334,ok,ok(attempt=1)
s336,ok,ok(attempt=1)
s338,ok,ok(attempt=1)
s340,ok,ok(attempt=1)
s341,ok,ok(attempt=1)
s342,ok,ok(attempt=1)
s344,ok,ok(attempt=1)
s345,ok,ok(attempt=1)
s347,ok,ok(attempt=1)
s349,ok,ok(attempt=1)
s351,ok,ok(attempt=1)
s352,ok,ok(attempt=1)
s353,ok,ok(attempt=1)
s355,ok,ok(attempt=1)
s357,ok,ok(attempt=1)
s359,ok,ok(attempt=1)
s361,ok,ok(attempt=1)
s363,ok,ok(attempt=1)
s364,ok,ok(attempt=1)
s366,ok,ok(attempt=1)
